1.5907730323967642,4.976100329652667,10.14698427293336,6.9150073717684535,1.0
2.282432928385965,12.526581267073428,15.933099534779174,6.243604998809112,1.0
1.8109867353473523,0.6044547322660598,-0.46878788686568207,2.4499725106572416,1.0
5.161749217985708,13.789684468732421,11.396439749222377,3.885637281069905,1.0
-0.06004539458562208,4.156523789577422,12.41380761656011,2.7675627153574665,3.0
0.4723348078866314,13.014565372910711,9.867365897366946,3.616704127458062,1.0
-0.39985780037705254,9.305814322722672,13.84597926971423,2.430022622271861,1.0
4.191254761266499,14.833603136466046,13.420497903416766,1.59676425811159,1.0
2.2647631578934075,4.99308489820138,-2.9774406613934232,0.41070115081691155,2.0
-4.353272811143966,3.3176288313216977,18.036245208764903,2.9789818589270394,1.0
3.9658032163493013,1.18866054693739,12.494447171872416,3.023985459576982,1.0
0.5571496384223373,2.1108349021049344,11.36731328830383,4.700857667642543,3.0
0.3442657884462432,3.7532608976562956,4.878465550363873,4.939805215564898,1.0
0.24264015132107897,6.898616349813108,18.544325608427002,5.3085801592947695,2.0
-0.9477368867438862,6.723667292777735,21.60025592456217,5.249193839549338,2.0
5.3713449828415945,2.187553167562113,13.541837418499385,2.5022158850875837,1.0
-1.9295294794707054,11.446093107016747,10.909278849234544,0.16470178648180067,2.0
1.8588867882140017,10.984367875255243,8.454749350401578,6.920724370852342,5.0
4.865816002643729,6.288855901021277,3.004064610843325,0.7894401601334751,1.0
2.782152341030195,15.78818292410737,4.4666027934915675,6.424748655531199,2.0
1.399289969763736,9.405649397807236,13.417377643740776,4.186964120779502,2.0
-2.5051745243650103,4.77918481029402,6.896054777480405,1.6477149070230523,1.0
-2.4787489053187164,7.31019676940817,15.661170179283765,4.446335307960151,1.0
4.8960525097196825,6.0054272555307,6.486678142906764,4.789295156439595,1.0
5.560838996716307,1.387272780583345,18.89661392618671,6.4981422192814,3.0
-0.2819673174001216,7.118588968689279,6.6487280085170255,4.0990069735636645,1.0
6.444750725223418,8.013631724773136,14.074001407478864,5.788251497780128,1.0
2.036007747845021,17.271873185472494,14.091217426739277,2.201351856981482,1.0
1.7945912425070891,13.206729500838748,20.547456335239904,20.7353271864184,1.0
2.7590499212621133,-10.141670975152064,21.34042163876984,5.649448649728784,1.0
0.42077635629923593,16.16057171122533,0.9841093094390949,4.177308424316054,1.0
4.388393269492045,-2.290673575768384,12.669277900224426,1.5601438157921383,1.0
2.846102635791048,-6.04580125072836,4.607806351606172,5.0524145183841735,1.0
7.407140237852072,6.481109802914832,14.482322320308235,1.3966663318501369,1.0
4.8179635047923295,4.418529453911417,16.215069795731914,5.670870026863601,1.0
0.3892014954165621,5.151258273238419,9.70220849520165,5.162760976240983,4.0
1.2104693355231382,3.464512578802146,10.78730000132125,1.6854965487457183,1.0
-3.331691047645461,4.894418719889856,15.160441807641266,0.658528858121941,1.0
5.447000391458413,5.851270238343389,16.753442638689066,8.516506663043605,1.0
-4.622017436100631,13.572380366449377,5.167314215768378,5.556593722127579,1.0
6.623503239336576,9.788570801883921,15.57769256395416,4.615183596629872,2.0
0.46252038512851046,4.6837571636750095,8.308658327432648,0.03479106494207808,1.0
-4.43693690078754,9.690591102057514,6.428818722435119,14.47159166573698,2.0
7.966360199243956,24.467600106949774,3.138869945842848,1.9751230779051585,1.0
2.9662672017028475,19.919810664819373,16.745601919928657,5.149074636054466,1.0
-1.795448506317257,17.67765508284294,10.553461912077475,0.9102587592489625,1.0
11.814389910086327,8.68140793933084,14.68518261783337,1.1673473652418462,1.0
7.3595147852894325,2.2540563494284243,8.890061806028037,0.22905531255490172,1.0
1.3929897592183866,-1.8513448526229563,18.240012179651913,0.8296702969596115,1.0
2.612824021176589,15.174617311024093,15.170292414579905,0.181368484816252,2.0
3.764904183691164,5.117486745855943,16.062548078066165,0.281438440781544,2.0
3.2919150636267536,14.072969060440789,18.269433341213293,5.162035522703829,3.0
3.286155842541355,5.425673066039679,8.316761474662552,0.46098998122352863,1.0
0.5287495524886605,8.229416517842363,9.606290063233116,1.7276816696207185,1.0
3.7498053072250026,20.851675950412208,12.527720177489863,7.497998717123253,1.0
1.6995250013179328,-2.21879009830044,14.740858107158552,2.593830389282965,2.0
-1.8260649217074776,-5.3874315588817865,25.440221180331594,1.3080970575363222,1.0
4.826809572602848,13.861759631341865,12.552736618036386,7.162775448551539,1.0
2.043025783853487,18.193306516432187,7.608383265862454,1.283043875296071,1.0
-1.6235183050287558,18.031807317099236,4.564669168060422,0.19475944376064636,2.0
2.5030311967612997,9.51272033763347,18.96210393772297,0.43398975451983285,3.0
-2.057273670104956,8.482633827487847,10.74980522788676,2.4462753102843235,1.0
3.5556569309362436,3.5944789740097405,12.830824717656254,5.038898988537859,1.0
4.001792664286532,12.937123094534893,13.812742523222662,5.14240041219011,1.0
3.6361928143051143,9.314311928438034,4.671597784825147,14.536032013983377,1.0
0.6188737495607475,-6.295206307595889,9.353659783179772,0.11998984741203968,3.0
8.318333860512528,19.955219256347192,12.206604366184528,7.868694414017312,2.0
4.38739317274579,18.39311662081925,9.944186378714354,6.331249772270157,1.0
-2.321659721495447,-12.168686360553071,16.836791511867563,13.992102612497057,2.0
0.1378757340618897,12.676189222036482,3.221994192190989,6.767599940025009,1.0
8.481255469401509,7.8625655250870015,13.081938128126167,0.6963457764632848,1.0
0.48007778781455057,13.821467893235225,10.089083637447409,2.331878762256045,1.0
2.249645410813556,18.302607634098898,10.556512036246328,6.925424741596466,2.0
4.622504517295146,15.007638271081452,10.701956619207616,19.27876497744291,2.0
7.955905965693985,2.589646576386782,20.287854772694665,0.12307237616394942,1.0
4.6414852414839025,16.198121481365938,7.764909027621404,2.9348164585398697,1.0
1.2524572639065774,7.008967404661465,12.673792565616472,11.49057589544738,2.0
1.5126478892975723,3.476355120863679,7.178269481277538,3.537742941733752,1.0
5.5668583473827935,17.599179755206386,11.919058053261312,3.41975160834885,1.0
1.3340194055168655,-4.8344342445466175,6.362778251271795,10.041003188561518,3.0
2.685969929265656,2.718556232031405,5.494398458823509,1.447567461297275,1.0
0.4483451272919057,6.428178233284653,8.779340926812266,0.28743897663643225,1.0
1.1276762726529568,-0.8233208398862306,8.12658595316405,0.27745139497238674,1.0
1.7030232510429584,20.133565473452073,10.255063170769994,3.1236994489313763,1.0
0.46082299905743174,10.08666547009922,10.526139420355918,10.812760345936526,1.0
1.0031823546574357,7.006220105222665,12.757164571406562,6.995763384741838,1.0
-0.6744373649329676,-0.03094709978275567,6.009899610801601,4.660550207302006,1.0
-2.973936794704472,9.826881102690447,11.884013014288307,5.413028956085626,3.0
3.8872765266054055,9.347010962861987,12.35652505954701,0.8841141281810482,1.0
-0.9495662580135531,1.5133483994036352,-1.1285245053975181,5.568903310197834,1.0
1.9354083466485414,4.5992244375711895,6.544637113486068,2.5221845505487184,1.0
5.837788907493126,3.9657524713300236,12.792031464072009,1.8395136533066547,1.0
6.865653111190156,9.825057372013383,13.631034508300255,12.32632609410406,1.0
0.3016247904370877,24.998765525037076,11.673037525486889,2.004353730539632,1.0
0.4620247033988858,8.868430640146697,14.152460315324028,2.6254349066685605,1.0
3.9295196466066287,5.1557842325179495,-1.586597250418901,2.6286614933288304,1.0
2.100653363595176,9.928407408554913,10.164174416401346,2.8283392231049223,4.0
-0.3562772708635711,8.370439738440044,5.6795193231029,5.8213871962583035,1.0
9.222699804246256,10.667761778471426,11.245816317832977,9.20083890715995,1.0
2.8640832365792295,5.980088274241629,3.712765577002215,4.745075717476703,1.0
1.2228002870277943,-0.18209872017580953,7.023049866604055,5.481010122997,1.0
1.5040208465399032,13.523662812624895,10.302787093799763,3.0534793973318783,1.0
0.567926747532439,3.9598841471288027,7.500482923574789,0.4471755461287325,1.0
0.41434336184679843,-2.944949213879216,8.976492201843385,5.4564459072513,1.0
7.111239292908059,5.735426885101713,19.48995436696312,3.1939892195036816,1.0
1.26590352194234,4.243753889156036,8.545297239991225,9.86777824857355,1.0
1.5579917585237644,8.928955459599278,1.8475487761345306,5.533176407040541,1.0
0.7756553043127699,5.868788476107932,11.365100739752434,2.284214886899307,1.0
4.567756907329407,13.514830008992522,6.3155101463660905,1.3054190781553099,1.0
2.6624818885446424,-1.8443806678456642,13.181537553881661,0.08640427246991592,3.0
0.4879458754549735,8.723082842255508,3.2295532277757513,0.3103120312983898,1.0
1.051156130436737,13.8021128219008,13.379130681716678,1.7708563307184368,1.0
3.131637084950629,-2.9140882778105635,4.714680666505416,1.9710161277109648,1.0
4.17131652836355,0.8065847015520022,1.9149329147329297,5.8539911980689245,1.0
-1.170697763552714,1.4583220539272173,14.136650904491631,0.7183690202105563,2.0
-1.1187598084733459,3.8423664873582735,1.5244636223592103,3.5740225103898093,1.0
3.189962624141801,16.717310769018695,7.1723221567210125,2.3169236645161853,2.0
0.47444947114349967,1.749708871767579,7.3981292082110155,3.4780678421634104,2.0
0.8399755047187236,5.998911500887527,10.333433127419376,7.009452675648218,1.0
1.141669461913049,2.486848394375727,8.367280260500936,15.090960433275226,2.0
2.0912351181077877,1.2030445133513838,14.527041981153749,0.852586620660543,2.0
-0.59211933175576,8.997847303669648,8.114198278863672,19.110322040859597,2.0
3.8653364510628827,3.1556097779701213,5.898274708835264,6.243990832719617,1.0
-0.5792439802739495,7.1662252955623345,-6.456095154890942,10.971805817931124,2.0
1.5146628908619082,5.312357926936661,2.7152813722297964,15.595742721768046,1.0
1.3776008074837047,15.433667605607509,11.05979241171774,0.44028815133304805,1.0
-0.17595459812210024,9.249686832100654,8.86375791306674,2.353699431284626,1.0
-1.6646243592289265,24.948262168545227,8.863384437636412,10.636536501531538,1.0
3.6578630497789684,-2.994638711542331,13.38426104555021,1.8566325106662358,3.0
-1.0668961478228658,8.652313555369876,4.806820294181836,3.519065511022033,1.0
-7.422888818841045,-0.7836438647015811,7.435919836246958,1.0464153153393734,4.0
-0.91659271824919,8.57720628645089,3.4263605973257594,0.3218772920337946,2.0
3.3467632769141633,0.6529093159025727,13.406452582136035,2.4261635871533485,2.0
1.9427829577782196,3.2255094059418328,11.931333774163832,4.0492885160377,3.0
0.6706428820007115,8.753835050599415,7.340011952729111,8.680484382994395,1.0
6.737478604411924,15.139989552616385,5.590616535933008,0.22260860633875512,1.0
1.3014681292056296,16.101502738798292,18.989451345665927,0.8638614904622195,1.0
1.9960484977398183,8.438912028246971,16.789039135444515,8.453234703640591,1.0
-0.6331404648653485,11.37383696954116,10.34554902002164,3.677452650562032,3.0
-1.3723633171240373,-1.2116836589207445,24.549195103210813,3.0891176472948043,1.0
0.636102197350078,8.648879009290246,13.688356591421778,8.854856377840393,1.0
-0.704304834601587,6.555676037448603,12.216124497504815,3.716676663937308,1.0
-0.6050808441237701,5.512680953496114,2.0093957674183454,3.3387341128342376,1.0
-0.18332098600114888,-7.353087763554678,12.105129959904524,18.013306990487873,1.0
3.698553544951151,10.007197168165124,9.975786331605711,0.5128657085221747,1.0
8.264090818573091,15.17436586298241,6.205777852469934,3.604693589888995,1.0
1.628857200818548,-1.964414499210985,9.522302196706452,5.023997488256492,1.0
2.1146247839614616,7.159114341827399,11.95573553624439,7.697858635019474,1.0
-2.1476728374058345,9.421260992316865,9.697471863750833,0.424319310384094,2.0
4.458522603550362,3.1165614632743726,10.237886630906239,8.757029560784185,1.0
1.1754464536420222,14.553672721920925,-0.5810881744192962,1.4407374561430104,2.0
-1.1150905974286527,14.242506494698397,5.324314568824248,1.7759997806958523,1.0
1.5173910739521415,8.326837694142997,-2.6246660957418353,2.5080964840645357,1.0
2.591357183961721,5.947948497789834,9.83346719074765,3.1861401931726046,1.0
-1.6642935170300106,22.0828606065219,21.49572739369822,1.347109006498001,1.0
5.278015310988028,-0.07078027689683708,1.1394927858008899,3.404259931564953,1.0
7.561701756257725,11.564795259723608,16.87871443486057,8.361980267905558,1.0
4.92002151240799,12.516293015744191,13.514531484029135,1.1020558242237204,1.0
1.5727860151857782,18.361650754131063,13.7607281459052,5.337980676299518,2.0
0.7141277866354074,6.592827355118147,5.567552939111643,5.026969043650566,2.0
5.477635784595336,11.52307479686083,12.55528301909588,7.267585762854621,2.0
2.822111515514399,12.22084651832613,11.829915145019278,11.928400808049508,1.0
2.1561912681285573,16.359990567639805,5.715803020972381,2.094108802784304,2.0
4.5307830965625,9.461152290471537,13.552516167404724,5.908235168909376,1.0
-0.06002495599699742,-2.9174536198371275,15.54810682899656,0.9122081880504255,1.0
1.9744398992019585,9.679161813073922,14.960823735336419,0.6115836414259319,2.0
-2.8373473396889644,13.270946001027333,5.899272312086666,1.6887542326262042,2.0
5.253697812281013,-0.820546368919449,9.425324331377476,9.072823316416052,2.0
-1.1569518630589655,11.666053011256245,9.989637985969583,6.88672253525821,1.0
5.839406262486125,-10.45339644764984,11.246087974883459,2.962200295795933,1.0
5.239042831410878,10.110058196046623,8.31812777927173,3.0965523105839834,1.0
5.362300497567377,2.542436192496952,25.219215204759593,3.2831446383190155,3.0
1.2354392261127782,2.0568007069776373,6.918448339598841,0.9545148446364199,3.0
3.160218036230358,9.870004680696338,21.20620855171443,5.0842114550357005,1.0
2.8260614596116627,14.486141894576242,15.182415349634535,13.355833881457523,1.0
7.395307658143656,1.5263148781410214,15.00433134799826,1.762385703344546,1.0
-1.4066796729358844,2.5299271644313412,10.838374910179411,1.5805952889082935,1.0
-2.357722144786255,6.217061829566628,16.278573150546997,4.361109077865022,1.0
-0.8628964465437963,-2.668323154545554,9.138118610972128,1.9036591947406332,1.0
0.07073739791299616,-0.3512955530797335,13.232825555241991,7.115119795999622,1.0
4.355955244525269,16.73559600499253,9.875831556828672,1.739318195566736,1.0
2.3740186451699055,-4.553760649318564,8.31602644413389,0.3618816582888628,1.0
-3.5779406224445687,14.581550899061476,-1.4891270317717762,17.413012501649906,1.0
0.6053793779441763,2.540729456432162,7.842667183715426,14.49526053038403,2.0
2.2920978230337505,11.629939735697358,11.832976328662076,6.697029410104894,2.0
1.8296795485131943,-1.996923970328723,19.545547491041194,1.7527241802618403,2.0
1.6672572116995688,18.38006876584307,17.368978213461933,0.9697769164341661,1.0
0.25430634019767995,5.7698535234644215,2.3765854325753537,6.60805636044521,1.0
1.3709865875348197,8.096055503190268,11.369223832411246,0.38386096690455196,1.0
1.3814946174181517,16.01184926539172,8.294736000961265,5.058714471764558,1.0
6.958794998748464,-0.5421014462869422,1.282521623354409,8.953937460273403,1.0
-2.9831934586965776,-8.056404540751,9.679107050338967,2.5792456204780363,1.0
0.24936050026960288,9.402892926849857,9.61353758291609,0.6575500440974674,1.0
4.62417874440294,4.857219922389708,11.402607478389287,6.696439006442266,3.0
0.18920131182248756,4.7010725019094055,15.572620023410328,6.160630141009939,1.0
2.161490589019487,8.310823936287843,10.958916960788162,0.3454755524545938,1.0
0.2611408277715648,2.839448877135796,-2.6829410495573853,0.10663695319047059,2.0
1.4988701253580385,12.961530971601386,8.747776151833994,0.5726574459837669,1.0
-0.00840924827998668,6.748798612155641,17.05283240275278,2.354828866338844,1.0
2.3662860443323765,6.279333578975985,6.6475958560135435,7.890097679381788,1.0
-3.4816767880486514,3.7544985479065214,8.782477609288403,1.6585127640147261,1.0
1.8798770506280285,13.955539422550904,11.46355522865957,13.389696642099365,1.0
6.076599070215252,20.09641061271871,18.143026461788796,3.0835703431423185,1.0
1.334246720273862,5.397136758551199,3.674661787630064,1.1338262785827111,1.0
6.872464489981153,10.458849203454744,20.88118331043257,5.891463234103963,1.0
3.197877742406488,-1.048568865567729,17.0048573427878,0.6332600054018898,1.0
3.465826998910142,19.440176628712912,5.188142334493602,3.2023475546647506,2.0
4.62949332335465,4.355212184123097,5.992265374860477,11.436811762971203,3.0
0.9219264369239724,-0.8893462278168478,10.470160318314816,1.450551585956683,1.0
4.4020332342051045,14.399385427948852,13.21448440813462,1.2674438374202648,4.0
7.381970516638308,-6.973778698861489,2.215028132883903,1.9683818603886472,1.0
2.082294141010579,18.81871793173775,3.345840327599083,8.34037568141316,1.0
-0.537503671448933,-0.013513405131690526,7.939652033017055,0.726055241799768,1.0
0.3621923333155739,14.353424200467952,10.496171062082581,1.3557547965063483,1.0
9.825741419805146,14.558929055020347,12.732293569312976,1.1733706297449562,1.0
-3.106347657095621,4.278186774651886,14.080552369307728,2.104323338243568,1.0
1.5640992426211922,3.115592185873957,12.640495797395173,3.9694561273953157,1.0
8.323241446319011,6.227983773106525,10.518532001006317,1.340577886220584,1.0
5.0076799056437045,-3.0964024993715054,10.362755982148842,2.7118054696176093,2.0
0.23302160260639715,1.5473703946249007,14.492254797300614,2.7908269850982115,1.0
-1.920867096693467,11.060391320301587,6.90145047028259,1.2943949760201712,2.0
0.5333142160913913,1.0735266875923815,9.152658307622039,1.6615774750254309,1.0
6.083347578149638,6.793091733133467,11.049067349146284,3.910920494806467,1.0
8.38942627343232,7.14362643008907,13.667997473615701,3.610273108831695,1.0
2.37761147237627,4.621363296663794,17.152705103482305,0.41943857642955,1.0
1.2744010233490388,9.176072467946081,10.621013708290137,3.745373067661983,1.0
2.1789895254736447,3.278164192482233,4.3776551442064076,3.6367201050831386,1.0
2.804828443771357,14.98935478865785,14.521057767223155,3.2772768299210124,1.0
-2.2828788852405166,-9.139953041107216,13.810227127068895,0.5796342698087888,1.0
4.233028372792324,13.350819353096389,18.79264701060864,1.3277059919683016,2.0
3.796366906626554,11.226606896455245,6.855188330670355,2.897425354820954,1.0
0.9931260803038424,1.6790613374183474,18.06532642273016,0.6956384408538256,1.0
0.6278350922366456,3.39913634322818,9.984125736666936,3.8028367495813504,1.0
-1.6087346442411725,4.156830168741532,6.816485886032726,1.9929215977209667,1.0
3.6390716052205025,1.941741346195064,12.799967120315138,8.248130597270318,1.0
-1.1116771857985848,7.304423058155245,12.80316406083082,1.002982567437656,2.0
-2.2711258587275065,3.005989426833006,4.022644280258457,0.7819993651516803,2.0
2.395102952790385,2.6794339202991084,9.487467385902335,5.590343735179254,1.0
-0.8609210717762918,24.8780830836521,10.038980468327996,2.713563170326337,1.0
1.0248767776895331,9.823755276243304,6.34415583040529,0.03257685787696576,1.0
6.948807093518268,5.113519894796616,8.668971422079622,4.107144736539534,2.0
0.2717713827153938,11.468452298060615,10.37728701787028,1.7167732025300733,1.0
-1.7230039633055982,1.8096815767881962,8.555712531880818,2.6041525251430615,1.0
2.2068599066277175,14.175668827310538,12.846729599240117,7.215535861658459,3.0
2.490616656129928,2.6967754632707175,9.277627512037483,6.869036051045231,1.0
-0.9544965625431656,10.972481586803523,7.7489000473115555,2.606920127545666,4.0
7.310860796468681,1.6799897017437964,10.981175329727582,1.7958412218919781,1.0
0.23972852503891717,-0.06477026090501159,16.97863986056074,2.7844189837743696,1.0
2.8189216843112614,8.641848348318737,24.56568178390478,7.6791416919246,2.0
1.6794057936077027,13.692888297686428,8.367702484513844,9.988128110889939,1.0
3.852498118781405,3.9368255560453727,19.837878515076095,2.088548865321489,2.0
2.8099233916803836,7.011159159253142,18.59131203216412,2.6932992493551215,1.0
5.250503931065979,6.932716147010985,7.890958185315845,19.031581269408598,1.0
2.2148459657194044,12.28338295068269,13.727208963740829,4.620015360583819,2.0
-0.34171476626905495,5.226122328719349,15.591628477366115,5.377576895838162,4.0
2.215093924327031,2.1813287861098063,17.32771420016873,4.766034031656358,1.0
4.444885066749784,18.534009204915847,8.047038083833508,4.3374473958073185,1.0
7.111249703243763,-1.5652703384243356,3.3794511528748075,7.618987105167661,1.0
1.7410345965124512,-1.8286144252624936,3.8861293972530433,1.5701607483813986,1.0
1.5296083088533392,16.220980309800332,8.355527543150199,1.2945600496684933,1.0
-0.3123092273060326,10.51642015858296,10.429607276678016,2.8417549449633905,1.0
-2.170283785168346,17.492178527364995,0.6475560408504126,6.4325912820454585,2.0
4.160822305298906,16.473394318542617,7.950970545385972,1.671346323335806,1.0
0.6138840538859207,-0.7053210654584054,14.209420170459792,6.088912317613765,1.0
-3.3442790539191867,-3.2759555131699134,13.86255203854841,0.4664922158756161,1.0
4.387828442155184,12.965707283596316,12.367160169504354,2.344068204756968,1.0
1.534732992684639,8.368181816866308,5.685589194277078,21.637667604786138,1.0
0.48519733659364417,3.7368550123567355,15.286412982545492,3.7346980334308095,2.0
-1.1895576786588817,10.779787257773068,13.71409727483001,4.339817755531591,1.0
-2.437879554178158,-3.563013651322702,13.317372572129365,11.005605888206462,1.0
1.8361847533037046,-1.469598707605586,8.58939264141702,0.44817362010378825,2.0
4.940448954417384,12.784591207624107,6.519246216267,2.425431496003128,3.0
1.1106820911997033,10.657610290047538,17.523141095334665,4.451448699708595,1.0
0.05904891162914838,-0.3762186056580017,4.10523293012378,12.3504121342377,2.0
-2.965615090726285,2.8003791928627324,12.080305161021014,5.808331791582669,1.0
5.887245811054792,6.649830521679057,18.624933127461507,2.0208372025282264,2.0
2.604141669088286,10.809655367591198,17.18288533564322,9.335662623843753,1.0
1.1754991436807303,-3.3214669535591934,-0.2310643162691619,1.6463170408958747,1.0
-3.8706755906476253,-1.2858462255693048,10.388749976140053,11.852866759186075,1.0
4.974616444821195,4.612884750340556,9.750010371635268,0.3931511678000301,1.0
-2.4975248434156923,-0.039296565937122274,8.243742407068336,1.26537692300255,2.0
-0.9223826448342818,4.376321462606754,10.154895269560477,2.099021113837774,2.0
3.7156593115188503,-8.935239096992593,10.847311873837686,0.041332267562468654,1.0
6.033245839806452,5.937637297538304,3.754474694239578,5.984313079228274,1.0
-1.7052021212962005,2.5508279194811827,9.619185008837144,9.382249765074544,1.0
1.740523644994846,8.39569521397873,14.161915165593886,9.543293541852854,1.0
0.1708159220595944,5.43017617365703,19.650659069506112,0.4558673008725492,1.0
2.3644199258579848,11.868529420245764,-8.179940126541702,3.7145123021334174,1.0
4.643870181077919,10.604687024528426,15.595120859758126,0.9569989547060391,1.0
2.677361120169726,-3.634584379302508,11.469839005959148,1.7356088178625075,1.0
-0.47235267660038005,4.664946935234022,10.642616931375544,0.25675079506849874,1.0
-1.4406887601151226,-2.0435981006489,13.982972789912669,4.276823942499062,1.0
2.5786883979625568,22.371132043216427,22.34603051185162,4.714680450286529,1.0
1.500336031577644,8.179553483331674,13.364352241282894,4.958425449346087,2.0
1.7452562607100024,13.78313436740714,7.718215522944238,3.708201064485618,1.0
1.1039962855079986,12.335962686022883,13.823257980280975,0.4735084492883068,2.0
5.019587110059716,-5.601031682147639,17.76076186159372,2.913277760339771,1.0
1.9383876939219014,-7.203710639136311,-1.569747138303395,4.889650911944745,1.0
2.9829929695484863,6.421725877142546,9.693361957798777,0.1808406886141846,1.0
1.9411672142577003,7.28068090803483,7.707199198072058,10.215275989276513,1.0
0.24144462150254498,5.615025929253468,15.97495795355957,10.20387971031717,1.0
6.87180307477358,5.592887504837721,18.454032122168492,2.338985633449694,1.0
2.203610989847204,9.417653783485498,8.527399430576743,3.6251869253248827,2.0
2.0878656514634333,12.368285052609885,9.94464428104585,2.1898750027451683,1.0
-1.3208266054814346,10.254493687075378,14.031481278108744,15.526381934949256,2.0
-1.0368613324584572,2.8626026530205166,7.4498331260270305,2.589075158665078,2.0
1.2567854362701316,0.3678814105751842,7.700414613687405,1.3900690189931542,1.0
-1.648646456525892,-3.561841372508418,11.50302664135907,0.3482298872365712,1.0
3.6900059368410076,4.058307125481976,7.870901232242358,8.078573076483732,1.0
4.076100901258781,10.394706978601551,10.226450977164825,23.166607113258905,1.0
-2.4222356542811587,14.744814715076785,13.597286386133138,0.04485229624751435,1.0
-1.495620904185329,6.710891459891431,10.038808643004684,0.46282446377398095,1.0
4.658910869791175,4.847202943412279,9.85697551322682,10.270116123827075,1.0
0.13168501403778254,15.861537889366415,5.028790299749327,6.401683556203745,2.0
7.137313900157283,8.943162473989108,5.417545778377484,1.7603272045329983,1.0
1.3114191583901817,-2.0274320580336997,11.544354518541994,3.7467133099973906,2.0
1.8944989458722565,-1.3914411997608127,8.120701969641967,1.2943211342714034,1.0
1.5493509270241246,4.881857820781323,1.3165923971562794,5.668070943725831,1.0
1.9639693954969888,10.66823086115038,14.442206953815134,3.3106597860864,1.0
2.9258174247700524,8.245743787163907,12.928543146942912,1.5806649148718892,2.0
3.3618800294274402,3.576201255843143,7.04525607130927,1.2635512666535818,1.0
6.751685053952308,18.559545090288736,11.79278282898075,2.304054656541151,1.0
3.629591864802597,21.580166632531053,15.555317615944778,5.461642150133685,1.0
3.2698859594983087,19.53801600406404,14.463874472186465,1.9225951905953953,4.0
-1.5532425313568528,0.4615697396785716,15.65491531028557,2.474163372577147,1.0
-1.5798883357815803,3.426675253674663,11.340318988336634,1.512589302139092,1.0
4.886506113306657,5.317810088980535,9.960132750518518,3.086332158887874,4.0
2.1077384722842356,11.683870151958935,13.32614825409506,6.4390685696078105,1.0
-1.8029084696179014,19.18106971141362,10.013654741053683,3.130999274422031,1.0
1.1163222092369807,14.51180535691109,11.142867230073493,4.272445853192911,1.0
2.58794696464392,12.747132000729081,14.52424832667781,1.3379550966403027,1.0
-0.7274895234103544,0.5059856874356461,14.068200354232074,1.0842371683876697,1.0
-0.16161991342084114,1.4283703660123255,10.60417606615443,0.2077219384217423,2.0
2.5434050225140954,5.890673397083107,12.89653855083606,9.160889843276363,1.0
0.07401781544805752,18.433240639657438,13.122879535770789,3.112107968675693,3.0
0.8893241146307582,6.9362456716114345,7.337100085192983,1.380277592043188,1.0
4.611617581178865,15.959718769915733,12.017156177028516,0.9874357743144306,1.0
1.1180866887597278,-0.3112150770863238,9.790186211040034,3.626389488997186,2.0
0.32215263921325654,8.286108237730067,3.51170918456671,15.602992892806617,1.0
1.193439708441022,1.1170808898520708,10.774449348590991,0.33508089394433543,1.0
-0.33766917931444773,9.858692206341845,10.716460104057163,6.1965536209295085,1.0
3.992162417859452,10.158204074913908,12.398554928247359,1.4024703459824608,1.0
5.836543723352603,15.441696518278158,14.02463213103688,0.9264498100412626,1.0
4.968618095936757,5.5992956985819635,7.434556390553061,0.06587312054244865,1.0
1.7106451327375654,10.062335375514811,17.77652115374995,4.21593321088135,2.0
0.07540816770850078,17.701387843431846,15.42933349772594,1.7410007210790366,1.0
4.809696199225462,-3.6627837231154814,9.433353369741045,14.945860986222028,1.0
2.558279828363267,-11.840831562855033,12.996882994961705,1.593120701157958,2.0
-3.3242479716656,9.979349400645122,17.216679890220373,5.735747287827153,1.0
-4.830079376682207,10.563368313562128,10.130166387117123,1.6469047365470335,2.0
10.471758527450104,3.94017419353197,6.584465111082334,0.7071337950815106,1.0
3.1574418674916265,14.94014691064394,10.243218633899223,0.7521554444712062,4.0
-2.7592759828865585,11.495133209185465,14.437113923188868,2.4771724440906353,1.0
4.523440176453275,11.365622697530487,6.60302086206031,0.3635922024879345,1.0
-2.37388038353098,6.7449819154488235,12.044885063371371,0.7806034116447688,1.0
-0.49648518827769905,17.72603863268896,13.607709685441534,10.515061626932372,3.0
5.040745211815171,17.356602041231117,9.46511567521874,7.158520958425527,1.0
1.074206529433099,4.276008883078022,9.125815271192932,7.0204958799777035,1.0
-1.6552380126301727,1.9746357952931177,2.5500304758085903,1.7018934434423283,4.0
2.869400490016422,-6.58105779695501,10.461341308713719,1.9375483812733942,2.0
2.646553359186165,0.4943021665142959,21.26891494334769,4.404046075639766,1.0
-0.6682275511205864,8.00264836436397,14.532179867954959,12.381199168618704,1.0
8.393004325847096,-0.497332867659642,6.730570146555956,1.1636058013636816,1.0
7.706191331589512,10.457409254546391,7.394571298103362,2.3780486178362135,1.0
4.327257655312155,-7.0151775818803355,10.60185506440609,1.2420706865172186,3.0
-0.8600706290171574,8.259405449956821,11.653701882907257,0.10373482382765184,1.0
6.437672178033717,1.9190236979393323,12.98971307405243,4.054137990067707,1.0
0.8063391148798784,9.411774336230039,5.716976458553333,3.244033461991746,1.0
2.176175069018301,6.538973321385232,8.599973057974863,0.4390604046226715,1.0
2.9203640369443606,-4.331434676960459,13.720154728747534,11.509521423068595,6.0
3.4590071659123174,7.8964383836388246,18.110006527186954,0.016784164182918743,1.0
0.00076910698103827,-2.514926419499588,7.443417711401045,6.445021995665863,2.0
1.4387711589924734,16.49849862244845,8.969114499165144,9.76280515635894,2.0
-1.8142578350701433,11.3088054668849,9.761351107110098,1.5997861363027397,1.0
3.206649388587987,13.070967248228197,11.778399540329405,5.884029537529821,1.0
-4.373103264617555,-3.7135755296771844,9.72293773459498,2.6100816856310423,1.0
3.5432734325656567,1.3595559991945754,18.136698401576716,6.433347108510579,1.0
2.2216447975408835,6.453840366558051,10.344011727671258,2.039127373916613,1.0
-1.0110246885597363,6.391206868560201,11.232262647481479,0.8937426035295771,2.0
4.346045943854582,0.27837087029374974,16.543506529945233,3.4901318270501345,4.0
-4.139098302278155,6.1491647286696125,10.840171269395698,18.621725593606346,1.0
2.2753835217448204,9.319734076394635,6.166475336777068,2.8581113403425586,1.0
4.773684713702605,7.165005871275755,11.854831895688864,0.8947145803364209,1.0
-2.0632900236145186,14.092100860083345,15.736932207844564,3.7924314753386454,2.0
2.5551829474931265,10.476468231221482,15.933558001446926,0.8519177609167743,1.0
0.9803756325825157,0.25360625669790604,22.821019128021824,1.2376429278793382,1.0
3.6825810377511727,7.15779532005433,27.472753631114198,2.7080295652048503,3.0
0.9059439342074063,16.020735653874986,8.808739587953502,6.908558305073514,2.0
0.7921343185129861,5.051595578837924,14.517345767059016,9.187689592508576,1.0
-1.16127950728649,3.461238030417065,10.572313761035716,2.6116229800818043,1.0
3.908406916744434,22.33576423518539,6.466872596358023,16.815623881777608,2.0
6.00157820614756,14.644677406756063,11.946366960087362,0.45367404052685073,2.0
-2.8288144084066733,9.294140906145811,14.923185821499692,0.8990706278783006,3.0
2.6161682979835383,5.315979168855316,17.63844139396655,3.0443054175236504,1.0
0.9876474110490214,7.850470396091332,8.705314346654566,4.996911488487726,1.0
5.127161369116177,-3.1919693746117286,5.956927467819332,5.6594884124236895,2.0
-1.846840743724849,22.53379054771286,5.482448458107786,6.275468058321863,2.0
2.560717752982276,-4.867784960679456,20.585581113284285,3.8794246464188635,1.0
2.15673642212952,1.6832157265200944,13.285089846006818,0.8270596002660767,4.0
8.356707219573336,15.022416570793201,7.295135455231636,0.9809635198740143,1.0
1.4057735696905884,-3.876425426168497,10.640881411029804,9.916643176547389,1.0
4.209317350965504,-2.044355856384863,16.92198347752717,2.8830218553278653,1.0
5.79309150614759,-3.3864397456358706,5.944688329344367,0.973179050766602,1.0
4.1954742993696845,12.689720389477188,13.624521954581152,7.618347874783302,1.0
4.49306972442537,11.462038537059207,14.478129238699104,7.779087364637761,1.0
6.693540986526706,-4.915854374209495,12.010826597824337,7.426326292916696,1.0
6.001355289259449,3.8181461288293908,15.359786330910055,7.335786927421819,1.0
-0.8215758843042047,2.546336198908274,3.0682782747921316,4.275715462578502,3.0
3.113498729532018,8.812266625560415,9.330695337572404,5.888906960919099,1.0
2.1812365844797155,11.685551572828093,2.712588642619025,0.056846889862288516,2.0
1.4178295039482087,15.03442735042987,5.984863036851499,1.7591622391148325,1.0
5.230188372401511,-1.156849507912991,12.504111073081216,3.649271017610886,1.0
5.890278127852689,8.168338971227811,10.529685130781223,12.892694949354674,1.0
1.9666876805091809,25.855644798062446,13.6963866060011,1.204316063985861,1.0
-2.968847202663291,4.3056470251884225,18.232385965676585,1.0568637738949256,2.0
-2.8685180655901386,8.474298089215125,12.997764146507773,1.9925394129370175,1.0
2.825446337566361,6.90997865501309,14.29191563364397,1.3280083135393983,1.0
2.4727193891111794,18.608746945764217,15.406310363423415,2.09335936565583,2.0
0.46316248718435626,17.29995598976285,10.250641603729225,6.869983556808968,1.0
3.4038821839288724,1.3205968423610202,9.467511934838894,4.3762362189579385,1.0
4.534671943351693,2.178236961893978,6.283813408774975,12.288874673632995,1.0
-0.2794534243451263,9.558671378113178,11.822935535251613,3.227856976311499,2.0
4.749311720627386,4.761756983423715,9.418052978295478,5.58421647788655,2.0
2.037504740314878,4.113459696189118,7.568487811248923,9.279380642084188,1.0
1.2276921327370582,6.084570168134636,13.70562834936886,4.259954246851553,1.0
1.1472642228942584,17.569765242698185,9.742709715805232,7.439396288165729,1.0
5.263692281869159,12.56220971733853,6.483702539486419,3.792720642702978,1.0
5.244599232326609,3.977560591607479,11.764089374447503,0.7746188154227749,1.0
4.075769693856821,11.141882400285969,10.768148519613952,5.202800222426361,1.0
1.6969001291546886,11.92038738863653,15.483753097242815,3.275253103415214,2.0
-1.9682873935799061,6.7512145286793865,13.880468444862592,0.016719851630789262,1.0
2.11664058098331,6.757579681900573,15.098431169640286,0.20564673502660238,1.0
6.592293343254694,10.18855055969504,13.927836494476509,3.4227971826617014,1.0
5.9017706489599995,16.617976656578506,13.890547543200826,8.426433084060358,2.0
4.8755603687849876,7.802749991591608,11.876323404409508,1.354481345896968,1.0
-1.1667934309416803,13.7214226075363,8.486541076663388,1.9884242030364931,1.0
1.8556932387924252,11.467550760038087,7.829841573130099,3.3969821377277127,9.0
3.3977002073158173,15.900154343200356,13.732131830935982,0.332815899523301,1.0
-1.5963989656362596,-5.602099238834521,6.969385027427862,18.14425697434973,1.0
1.8581412441382656,-9.917933569441956,12.796571110052696,13.935817943577314,2.0
2.6885960303293297,-0.9053468596905567,10.487816039258021,1.1318898095073013,2.0
3.704348031810995,7.443925007837784,10.59540171322602,0.6055747490056592,1.0
0.9357251243760272,4.260116591965321,19.387811164257023,3.366100666826283,1.0
0.39304031099972336,-7.728375443730982,9.669108081554784,8.188733281933114,1.0
4.725446762617803,8.0104799543115,14.97929278469831,2.87113801552922,3.0
-1.2104244598487028,23.288100809409233,11.668319870304929,1.4383277360397018,1.0
2.61244473816696,13.23669133494841,13.048590272276382,5.4284141341274585,2.0
3.2302816009870456,2.9987428984854976,13.010587751092654,0.11561908683913524,3.0
2.8507393798471163,8.198015286934197,13.260687623287803,2.831281859027313,1.0
3.6574847015846763,5.2062809820896145,11.900630474411985,4.239459900193741,3.0
-1.1069077007630561,7.757517792162543,6.3804899206601196,6.105477106187828,1.0
4.088663483031414,16.683392524294007,13.761081467478272,2.0133191876774843,3.0
2.7661869822587306,10.568806306711025,7.491308077784006,13.390095898451245,1.0
2.6203336781158955,7.404613455799203,9.168967775092689,1.6270818110932455,2.0
2.0300905096489714,7.924315834416502,7.319946415407799,8.091742055170402,1.0
4.690695460308918,5.6446599510600155,6.664639858771362,3.971196462527623,1.0
3.5961440888135088,9.37429577948701,15.964682666748276,0.11169442840591118,1.0
3.6266918805288477,4.647076519307134,16.645777088646255,0.8806400955100552,1.0
1.9471620392046367,9.533068437820194,5.414825380443928,3.7212931876193998,1.0
4.212861509278829,-4.964668228377418,5.520334132733066,0.6850858056134751,1.0
5.860580960255178,11.514219368121998,13.112835258299658,7.372457069631565,1.0
-1.362106166060363,3.43661082795362,10.375117307273463,0.35050153570198833,1.0
1.3202737454228282,-3.5416254460803014,27.61275988121461,1.5498844617818444,1.0
2.0886339927588446,9.794575749155022,9.649470930051919,19.70797614466155,1.0
-0.06231778240506802,2.2259788772983713,11.916277222362357,4.224393892479419,1.0
-0.4170804347318233,4.722368456146064,21.05418176759406,2.811833101866678,1.0
3.6231795968908136,2.4353774515771587,6.378486806064341,1.06920122694779,1.0
-3.930889293058603,6.959173929968527,10.30467655258833,1.1144587081278912,1.0
2.1981212691827476,-6.97197330494903,14.096805040847043,8.958045524816042,1.0
2.9928622219291148,10.412847353607662,2.548785821199285,1.5631032897372594,1.0
1.7089729636361468,19.216697166024304,6.6630822280725,8.918774515882461,1.0
-0.03817285823446559,3.38202333217736,0.23221613657892348,1.4670863309953441,1.0
-0.9257471112356379,13.280430661202303,8.42315496843525,4.191002032390391,1.0
2.0321635257475954,13.573015204843436,10.252937580885686,22.02152601615157,1.0
6.127632309408794,15.519858439978211,3.639547219838837,6.231784882872336,1.0
5.015685251047282,14.655456354791983,20.249807523230885,1.949275916220144,1.0
5.548571767724007,7.567391899336801,15.544192969937843,9.245766567361784,1.0
3.5717946174869386,3.3684954647212235,10.271163668045661,6.668103309736833,2.0
-1.8919666715500219,11.541150696991732,10.777977652317574,8.882662046157423,2.0
-0.21221038991880725,-2.92710680039667,4.127641205501648,0.10596620240352761,1.0
6.264045134632835,3.4437473940687524,14.278187453826746,2.0145129838351354,2.0
1.5042304915631992,12.582244183545026,15.962241625039242,5.736457441689805,2.0
1.4736326925129375,10.955404651844852,5.839217488655194,15.33596127170752,3.0
2.5910133030862497,6.591526181301996,0.46740969090845397,1.894431152657825,1.0
3.1273523608270577,-1.5039349950026928,2.495951824218407,0.21422751036168075,3.0
1.8104727956720033,5.205006301441699,16.146119452970446,1.4665667587382718,4.0
-1.3132726544933213,-0.8673326058082793,5.611498193624396,3.2554882265029104,2.0
2.4606972748460505,13.750454261022647,13.959116414917299,0.9447505899186217,2.0
-0.8618757180310448,6.93209248709616,13.703107020990924,1.7885616516697405,1.0
2.312261624645777,10.919899526776412,10.110691042194308,5.616639964190221,1.0
2.8988572759659634,-2.5569478789047295,6.537700626709762,4.396221391898926,4.0
1.3471381340620796,-3.326551371932135,14.425072077807298,7.346270330229235,1.0
-0.9711616810878443,4.965828283200269,12.115774245903303,3.3660401734055827,1.0
3.7535246828792737,2.8901862029298844,13.91912193607999,2.6883026051195222,1.0
0.4490412265035837,4.743246243431593,3.7396579702965855,4.185809642276228,1.0
3.6300779147470483,11.389041410922239,-1.3905735626804976,3.87074347623994,2.0
3.4097186958911747,12.343643213362625,15.18561589149677,6.757350381726789,1.0
1.5098840392126527,10.12035628030515,2.9236877172340154,1.6667719215849193,1.0
-1.8742079402345881,11.09291245863848,11.553754834628922,5.087085387202603,1.0
0.3476161245055276,9.00271608233892,13.581034243915262,2.914524125338586,1.0
3.276697698719458,7.528794458266307,9.46574137942788,8.760614904869225,1.0
5.634260552534495,11.31637697591592,12.779993582725488,0.5875690228124331,2.0
-2.877585895542957,9.24641277932141,11.960718787474216,2.1423411535671333,2.0
-0.3452695043149392,0.863871246762594,14.326345582464889,5.354394034358886,1.0
4.392737287036256,19.58901628828772,17.422152265797667,2.3556699020599137,4.0
2.1621996687185505,-0.8486862982695786,13.734025458020565,3.878111415325712,1.0
5.073306469780492,-0.17597458216215411,14.378029331315243,3.064530408844524,1.0
4.612836563827372,-2.640675016309059,15.22322865108615,4.754717952155138,1.0
3.549448479381569,3.7266671844963657,7.762707190980314,0.8544395646054709,2.0
-4.750013625708713,9.662556655301524,18.650790299022766,4.74231155055331,2.0
2.755416878214112,12.672049056521773,11.795205337113657,3.8874739747587923,1.0
0.15353180037965908,17.420341707036155,22.255059937041565,8.288726592250244,1.0
4.9697835838214,-3.41729269557308,10.792146759397028,4.9551546861021984,1.0
1.349659683207834,-6.210890564801161,8.124681891899929,10.3472667261991,1.0
-1.2895339577010998,13.675344441728438,14.04881083038819,7.196462586771028,1.0
3.1333963317357365,22.71680328883777,7.648052395603019,0.907441238535103,1.0
4.043729446848707,6.852161709665611,15.823771790891726,5.827574700847032,1.0
3.8394460526079666,8.120602832704291,11.952603007869246,5.032479157354437,1.0
2.7735657477627127,5.528955255385068,6.469285478709324,0.32324977053091336,2.0
-0.8181647893800106,6.594252221393217,10.543093335651456,1.184775298009069,1.0
1.0017289896352621,14.751756493037536,7.89952413783001,8.987000725609505,2.0
5.214543111149876,14.1957614197926,6.8314398191698995,9.083139287071022,2.0
3.5814005869255614,-0.05371378593631437,-15.00881648559833,9.095064627742257,2.0
-4.237556980966526,1.3025517059651612,14.762672952792027,11.702178181853707,1.0
1.8191837624491212,6.785365857833628,11.077002739969037,0.24629521000326768,1.0
2.093163168337678,8.73329886384848,17.457506058437474,3.209540012924242,1.0
1.128019807244343,8.030068199663013,2.014753062534945,1.043034404205025,1.0
0.7119574654995953,10.637588131692693,6.861551677384011,1.7734110219960293,3.0
4.674117195530632,15.36018583406534,11.47194571349572,0.4013731381151447,1.0
3.2313085124537233,2.4590299087173637,5.982952006403364,0.7504129377062525,1.0
4.61980372985371,16.23887291467596,22.430428366640818,0.5122996344143259,2.0
4.5739462007027,6.1437094845531846,8.743030029551097,0.1528770388496346,1.0
1.3156838261597772,13.051775748023996,3.606360970999855,5.530180369219246,2.0
1.6991357844749815,13.051096956616488,16.274690059271425,0.8479977804634633,1.0
1.4196633497764966,-6.2863030034082215,5.743667235525448,6.427420560551217,1.0
7.319424132310704,18.28007563255511,12.500349225874714,0.49224358056622153,2.0
2.7707939853296715,6.095746649069286,4.6380351049811726,2.3028643131498168,1.0
3.3363990055874595,5.910000640695106,9.91645767824209,1.4629227282880566,4.0
4.697996798580146,13.100537562433663,7.022162766401827,10.350735309502564,2.0
0.4491516605564776,4.027981810915814,12.16546923629652,4.940203598070507,2.0
1.7273139431371891,10.340867706836736,9.530011285914323,1.0846382468115956,1.0
-1.0447939401111759,3.154744050034954,18.09071631527458,5.2075251264918165,1.0
-1.5124642647532411,9.76213862358297,13.816500703106826,0.7141224911486943,1.0
5.947186732952085,4.383356472634947,19.754373262215847,4.289141718891239,5.0
-2.7044136909624052,5.746441074269505,8.110744928017962,3.109328459797234,1.0
0.13749865205358125,-0.8153026116714317,13.934925278351194,9.9129514057578,1.0
2.710595136992914,18.85066142442028,6.186798843708126,3.578423721002152,1.0
5.253969121541063,-3.597130131571678,10.07976377512681,2.8677346931428476,2.0
7.654976136754276,-6.657987331125099,17.111807374279337,6.171178543966115,2.0
-0.9912390844305827,13.046358658424374,9.302169435101028,1.9775980873335788,1.0
4.566596707478609,18.552299893393197,13.759910541634065,1.8402500766461192,1.0
3.6628469046564875,15.854724012751111,5.850734967951985,2.972060817815183,1.0
6.756770739346311,3.0419423777306207,8.140112858868724,8.535480453325038,1.0
1.3841494767371967,8.399913566597439,1.3527779830451756,5.53505338527991,1.0
0.8760635379846673,-2.753543668712405,4.3104537135183145,3.604668150067261,1.0
3.574511201636404,18.65489135377911,2.8836510526154715,3.137015444893249,1.0
5.1977859226186505,-11.703922402305917,13.493455345818775,4.908116209994934,2.0
-1.8312636062039278,19.4839860976522,4.2455638553523976,4.012290834858854,1.0
3.2049381753394437,12.082897703578954,13.628764195756755,1.7513710253085903,1.0
-0.7932369485221757,9.525121032271134,2.7783265822121486,1.506321326687094,2.0
2.7088875654474367,2.1531280071155443,7.229313988645773,3.273878991557828,1.0
-0.4894834879436165,18.28724160600022,11.390360696772074,0.4920987028883302,1.0
3.671004940813374,18.362404152904276,8.939723303575676,4.490431055113124,1.0
4.792341182463829,-7.815181727328458,10.370861087256511,2.0717251620636463,1.0
6.8960727183311565,5.934417012694211,7.4420402834302415,3.595434232059335,1.0
0.6485228273382642,-1.3359593094850268,-1.1698148114646258,1.8513617455013816,1.0
5.73357536071613,-0.12269242164931882,9.468597364580512,8.116698826786868,4.0
4.234520483613961,-16.7265684564175,12.113850912620956,1.105102357418573,1.0
5.465305947296721,14.121323283056292,16.160099388246763,16.50314803035341,2.0
3.3986727522755698,3.0627167164947586,10.586556804971279,3.3765278393311795,1.0
3.5371167039267295,-3.757274099656353,-4.216151980210547,0.16944052694279038,1.0
2.8779696297181787,4.1642009590713736,12.073861976463888,0.8094765132848861,1.0
-5.997571181301523,-4.150078373851386,10.576948431532012,6.853077754439661,2.0
2.486879379429667,11.696445095398158,10.889711943939822,8.24719061644906,1.0
-2.2274655319158025,13.003237949836782,10.140917505190322,2.330848603192022,1.0
3.753786816112328,11.490662175153684,10.14532914347743,0.5659336216671207,4.0
4.168609218793003,18.426750565612764,15.533912002666806,0.583542200590039,3.0
0.5697806551317999,7.9830972838778225,7.932557253369261,4.452261282643085,1.0
-0.015129361017607312,2.837293108780912,5.369483923295725,4.415925579490602,4.0
4.842764482375993,-9.268695296222273,22.511059361037688,3.7632065682769125,1.0
3.259002744502232,7.388123480873237,5.761229404349581,10.620026351829212,2.0
6.222260134389284,17.607273353775934,7.528156107769211,0.41300440722958787,1.0
-0.5068497158531242,10.804065777930086,8.250242991015615,12.432320252629664,1.0
1.871587527067335,8.718804473649293,2.7224198918381664,3.233595697658485,1.0
3.0500294873739766,1.2478468268498766,11.191310492097099,1.4590650872375581,1.0
3.842521284164845,2.430482658692445,10.61730756057046,1.597808689037423,2.0
1.8091036416409354,3.95164083476446,11.057844942575256,1.5361408551804445,1.0
3.626700755820236,5.628639254435438,8.106779383163984,2.7050421184142937,1.0
5.011256006938724,12.690172141838314,-0.44153302722285304,3.8068733643272705,1.0
-0.11203990211222337,9.330723836380214,2.134784574599303,2.3408295738438287,2.0
-2.9749785607450434,1.2690296584346825,2.0994300577701566,0.3662987295102353,1.0
1.853923010150066,12.83034176462101,2.0155672559940268,10.512221709870724,1.0
-0.6340341221200219,12.540644468546496,20.140302514457346,4.837715572208645,2.0
4.8909792108409755,12.700170019404297,15.745538290382438,6.76572691414045,1.0
6.377023751237216,2.3886217957843705,11.078222580108783,1.590942687653349,1.0
2.698799183229922,10.458220286531205,6.929249687346542,0.7374702644003638,2.0
6.039839059572506,-4.398029009663226,2.120043043628609,14.301202676623811,1.0
0.5695751817006613,0.8536109602866899,16.999115303884558,10.133827642070994,1.0
-0.7126927666664828,17.413947794598485,8.915016798988308,0.6277996386722672,1.0
-0.5159620959102322,16.58080437064489,13.572704820682942,6.4192811907922165,2.0
-2.3346817565828513,3.951827497730018,16.484606297150446,4.330483767709496,1.0
2.852254866854356,11.210026224109466,12.571603676186507,0.7243974206856214,2.0
0.5797051798212931,0.30177313904122016,10.700096201441617,4.96005954373245,3.0
-0.39872428298668305,10.720904374196278,12.632010530077968,2.472621259930517,2.0
1.6021331936045664,-4.876887523144472,2.720096433163036,2.2211717724511275,1.0
0.11726965037005699,6.954569942012489,14.769032306126839,0.446930236958842,1.0
2.333766167928553,0.8815630678896724,-6.81370487205092,7.022439943760971,3.0
-0.15593404816630096,9.959863785972285,11.84884632220457,1.1709699532875668,3.0
-2.1044221627288255,5.161440342292946,10.050843536176384,11.10257121340073,2.0
3.773528328139715,5.012770298677696,9.849495323239696,2.9598841048439244,1.0
2.3777239702478314,21.88124526355179,17.82465170601826,4.213776321492517,1.0
6.0667530521943505,2.83060853540048,7.590975278007104,10.172948918740863,1.0
1.7940649863412197,2.763292273919582,10.402361137659648,6.082178155828082,1.0
4.897524352542375,2.430205961004755,5.904171136284227,9.950162764015102,1.0
6.7950520831125365,9.176151924604891,13.918415961096583,3.4406605036059252,1.0
4.880925181718892,1.6744214849024939,16.08095957807768,1.2155769846291269,1.0
6.080023831252461,5.4163804735073295,15.422103898375198,2.135728214715103,1.0
-0.023685486506234366,12.889312702518739,11.336541100529592,1.6998519159052194,1.0
5.775802931123862,0.30703110240920584,3.1588714617955587,1.9188166689198776,1.0
1.8150536826708694,-2.1134781783293715,10.035064934137361,5.391168311020247,1.0
-0.8493110303951137,18.378921378886123,13.068822953175717,8.25217167404914,1.0
3.951830157092547,-1.9574100439878581,10.124160264875592,1.0494421275603594,1.0
-1.2334787043879385,5.697848412888375,13.576029066251678,0.7184131392675741,1.0
1.9265868036530271,7.123804264346483,11.171268629636195,2.7084370730916523,1.0
-2.2993056057785433,9.981701238194328,10.751329878262323,1.0244981904315116,1.0
3.62515025084107,3.944455110181751,-0.005213974198333915,1.7959975514061715,1.0
4.187456203249299,6.041590375926702,9.832690534709542,0.9429521194815439,1.0
3.758538916329782,1.378176404252125,-2.622810719922466,0.8307888691345843,2.0
1.9375481000314512,19.495106769170796,8.16992333259094,1.940531615943411,1.0
0.9349662588763394,8.290151692078476,8.40935474107113,2.050447251677048,4.0
3.5187835091624087,17.57250257606111,9.984199269244607,6.3077004528233,2.0
4.583552332125459,11.805596559253098,8.670530585194449,14.760443206140218,1.0
3.7424198649078155,16.200515561270258,16.051873315773243,1.859734444245309,5.0
2.5009251291723205,13.070902689842162,13.44674807731868,1.7206334321998162,1.0
0.5269977878810095,8.017575383184576,11.31480993701591,11.809651802286012,1.0
0.4727445324667292,5.548933517656914,19.315085528777136,11.823604627800822,1.0
3.4497992071130663,5.263973499503568,10.410025273005928,1.059180630985646,1.0
2.6719130086905922,12.375990399088096,12.598908518981364,0.25980817032825854,1.0
1.7416734070755506,10.247270171980803,16.19980258716852,5.276035561782677,1.0
0.8291007658287537,5.109648782212003,17.537411008651524,9.605888123341396,1.0
6.601868471719087,11.421637552405585,7.479548298222072,9.775036004652033,1.0
1.4962161036534285,9.59621289084292,15.191838970554793,3.272293314816319,1.0
6.789604713660456,4.382521392496667,1.9530500017539687,0.3498431689617489,3.0
1.549656981888117,5.538086938765291,13.290897217639635,12.749072371877972,1.0
2.7158220693055823,-6.033076203365452,7.0073255323221035,0.014201678473532492,6.0
1.763842507523818,7.83310741492637,4.686010801752623,0.6223374701076532,2.0
1.7447299870579036,9.44589719261517,4.887499446105133,4.346703822711705,2.0
1.328727407548639,-0.8138202365097174,13.574643609329025,9.731102046965642,1.0
2.7278808441761218,4.893580759531021,10.544353320064017,9.707343369631571,2.0
6.724286487836481,9.54698605740319,14.516316056755123,7.176267496937786,1.0
5.228826132009781,7.154908074245928,4.588794431530788,0.3147327680541804,2.0
7.746175235156689,8.988202156696854,9.09770899274313,10.813839086580975,2.0
-1.4011847287874382,6.093480631638324,14.794139220816525,2.0379906937788785,1.0
-1.340200476904343,-9.05014286410863,7.706241576782007,1.431938266448151,1.0
1.0965814097994993,11.898739725385916,6.878694392436378,3.3631987856353582,1.0
2.413876843453145,-3.420564345687623,14.98874326652873,0.47713564975846123,1.0
5.318278562020442,7.097139856750263,3.1707745599705,3.893278088877274,2.0
1.9615473520327014,15.556610448183392,18.446733730147052,3.9722773167125967,1.0
6.825250663460261,-5.439079564102238,10.62851317340049,1.079079918828873,1.0
-2.538987533122074,-2.768566093375682,12.643323265040294,22.378448603243793,1.0
2.5572194046830043,3.486047566426174,15.443071750580298,0.4440568938517831,1.0
-6.082472513475578,15.39102327919489,5.696406924161518,9.655230651051346,1.0
2.8952466030459547,9.656589347960447,8.49658208094806,0.953443371052963,2.0
-4.055335741305983,3.0237474478739768,12.394748461154945,3.717274008742108,1.0
7.5054158566960165,7.371182215293574,12.497818636809773,5.845984222203889,1.0
-1.0697327774082832,15.166459879739307,12.992971219398234,15.890922201620343,2.0
4.004959288792281,5.940606859887111,9.017540591578584,2.1724383100712275,2.0
0.11403697034795934,10.78332655808629,13.329707561440618,0.9207431085844663,1.0
5.180752683198955,-0.4998764465098571,11.502905666753941,0.6059879942199772,1.0
7.848337045551136,13.099218141638472,7.78986482223588,3.260621373715248,2.0
1.9222802213061352,15.678032108913987,11.548853409696129,7.566041786588464,1.0
0.8614537378759617,5.431418534227127,18.015305014374746,3.5337625550151985,1.0
5.0880333268841245,10.799720853173023,7.824640897316591,8.877160715691371,2.0
-2.232815475778626,10.395556325399262,8.848715882567216,3.4316357827856163,3.0
4.475648491723864,5.361866995882493,11.223983094355429,3.217569677114517,1.0
5.132616790593365,-1.746886982872967,11.273501060641633,0.07579324834715605,2.0
0.7998692277073047,-3.3657976145308712,5.84166978949074,3.45062493717998,1.0
3.3006568320181957,6.26927725929162,8.015459475798947,1.3685010023561854,1.0
4.031041168314678,9.565250652490812,2.1080509209412366,3.0734710118887856,1.0
-0.47020492263945535,8.446371486078252,12.580470564508948,5.627206114576123,2.0
2.777704950204265,3.552301515319707,12.250405134689139,0.7145499681754128,3.0
0.704153386650711,0.39823798059168247,6.150364207363937,2.413730743694766,1.0
2.167503150309445,15.748532227213737,1.3708151750666175,3.9503711914485935,1.0
0.47167958794346854,1.7316082882095332,7.58540503450911,2.706071803661118,1.0
0.10660398478487965,14.558577161388651,6.213556902284132,1.4200564696664644,1.0
5.268068107304631,5.891831667036478,12.879674632087786,5.29109223263937,1.0
4.786113864673553,20.06193365473171,5.8951548716208695,0.06629135213329049,2.0
4.474215142631165,6.543794920091457,5.361514590620879,0.16844175996892904,1.0
5.732197911789932,11.389572556198464,8.029858928490242,2.079974927576801,3.0
4.492714713073232,10.392691786826633,11.300590268311545,0.5784624888158539,1.0
-1.0697435192820763,3.706374285157343,12.28267422709719,0.5301994943941691,2.0
-3.4920288886088144,7.054950523657174,16.508376050522003,3.6144319580056408,2.0
0.7733290054937803,5.012348485298932,18.548351508195168,2.9375771844027927,1.0
6.002531753926467,4.555736817048854,13.367411988074148,1.400001852490637,4.0
3.557581826302396,3.8463471221510126,17.17395804288098,2.5846819078641654,1.0
2.699129165253418,-5.4678984810581355,10.222493096673952,12.859098715100425,1.0
-1.1489365022562765,1.9520650744556685,11.279085445903156,2.779359426568914,2.0
4.009324097827136,-2.6019747066014443,16.437925890086824,8.686320902662688,1.0
-4.658566481867972,20.32195774203869,10.998434482088738,0.7302930591662445,3.0
4.100152321169016,6.894206556509061,16.200601350908208,1.0901213358708488,2.0
1.9728582024319963,3.2746953999735746,11.613472017216662,2.125501391689361,1.0
-2.3573899740100686,12.787063299412372,9.630323245620266,3.674829054294905,1.0
-1.2229088128409824,14.8471946744073,14.9180048347141,1.8545461105183512,2.0
-1.7574575713467908,1.7221398938217014,0.9424246421681239,3.089131724688235,2.0
-1.345082962292799,11.552086112052752,12.510097306104962,4.967076838548037,1.0
1.3197731444741507,3.108196936258585,6.343114697630209,4.422494742860314,1.0
5.526685688288342,9.139971517848654,16.172570177913038,3.90702522289072,1.0
2.429399288891326,-13.8338209976304,8.778921358297708,3.602231629097501,1.0
3.4420960251966797,9.291637878754258,10.138316438801475,1.851926673516698,1.0
-2.286481267324384,10.302192799160416,9.72592747031883,1.5181490999089646,1.0
5.351555321889378,10.431420485763134,0.20917617233403796,4.515292726658799,1.0
1.1142786116381151,2.2822185909308024,9.210630424385586,24.993272677148568,1.0
6.858401831761771,18.7110782907542,6.38658904627676,21.30483316766397,2.0
6.664439846958957,13.533059554563303,12.122300798581378,0.056878595922848635,1.0
-2.653368348366701,13.975240528431478,10.235557775283672,1.8020159212696845,1.0
2.301261887032387,-0.39249232390733635,13.393849698898624,2.9659870218132003,1.0
2.1537418813566487,3.778552162982198,14.097676548638757,2.226333293416898,1.0
1.7719693603342415,14.000066521551943,13.443664000801611,9.931462919145293,1.0
-6.608604305767335,-1.8945617700781128,5.66492702310709,0.35460400094635613,1.0
0.9163887547687855,15.310479864513244,15.79410209009562,4.560285113985792,1.0
0.16186220913531413,15.011539815567982,16.562501302236555,0.5642840923177861,1.0
4.846380770504322,-4.132282430761856,1.4169445093414144,0.05238828838671254,1.0
5.030285955846514,7.2253732409685005,13.649566940244148,5.60455449262125,2.0
1.7169100121103202,10.765118983488179,10.513742251746299,2.6587173651262237,1.0
-2.1046348173052003,-4.733745287879211,10.964684337524385,3.053171339744003,1.0
-1.6910170474577582,5.544274685191217,16.437363540227132,7.461925001516718,3.0
1.759690320003522,10.641683070410966,-0.40842191488452784,3.4002144040002933,1.0
4.731936431009391,5.2761013723369174,11.975650253459815,0.03953696764184147,1.0
-4.084477273436404,1.7657988343214361,0.6385790131793261,1.2726352139454136,1.0
2.1752228506253903,6.184081027251381,16.45592815969056,0.0638858203375409,1.0
5.686171322947505,12.707955711256828,18.831979017973964,0.3826013408691774,2.0
1.0685975720634886,13.30126974845041,11.800975143951108,1.5116587348752692,1.0
2.936190286064957,5.610526036916443,0.6876837105589075,4.468404888819095,3.0
10.524558935060256,3.039331305785609,3.7594069176800735,0.4386456223235986,1.0
2.1327839750146036,6.586166846310863,6.946202587970449,4.152689078062294,1.0
0.5033558324562739,-6.360029187720205,9.121731288081222,4.560702301916738,1.0
-0.4771909706610882,8.69423047910395,14.003866283243221,0.5896378522460212,1.0
3.5539749549382917,5.5146647894797,13.76196492413624,8.887934178309825,1.0
2.3220451412512206,9.854462399028794,6.965686214035211,0.45039183929972126,1.0
1.1233790182324341,9.162801653753208,6.156419084733109,1.164966677111205,3.0
4.838052558411542,13.651450315841387,15.304805796950303,16.55931171399729,2.0
4.4895367012345115,18.21367664350604,14.004138779446315,2.4277950030912905,1.0
3.36561645168641,4.94193771455113,19.113051500825094,2.2044053693526267,4.0
-2.5244502075808386,8.090560817333998,4.486148320656792,5.408350147528793,1.0
4.062010729647113,-3.331953403977984,8.487949610864957,2.455914511554104,2.0
0.9133800660082136,-0.24647505661446356,13.961406360465695,1.186777217493609,1.0
4.829281891300559,15.315516689882593,10.205102767278994,5.210117438729039,1.0
2.4563974360185847,10.885955122875833,7.954589460775265,2.06245868916674,1.0
5.780501403934665,4.7576743797336105,10.38465875334737,0.5874566906221443,3.0
5.8570106938296735,9.216038190721287,17.555807892598455,1.3850153057713976,3.0
-1.999330469739613,-1.3540773287337426,10.79756998207231,2.493254126573309,1.0
-1.0870178724543713,4.105693336502035,1.286610596751773,1.7429097480546003,4.0
2.9310710455962976,7.222703572554967,13.43814958715378,3.613769700024921,1.0
0.760639471712452,9.673428645727219,4.770765362652924,7.0101415815014745,1.0
0.18953212485831017,4.722881176194466,12.098168378645148,1.0677995922914127,1.0
-3.7859517400728944,9.449949327133265,0.03030990464629113,6.467472998861942,1.0
-4.644799840153747,6.583836741511166,10.437181827482691,3.9822302762752906,3.0
3.3395655565880493,13.258239734309463,16.50278598050653,4.279429443771854,1.0
1.078027025777247,10.903498881668142,11.344328533565598,6.188910803257495,2.0
-0.05239004698063798,0.118049990529836,8.571251847769005,22.67273241926324,1.0
-2.8609670840303734,-6.689088747922797,11.172273466454667,3.2457092516559745,2.0
0.4052360403565207,5.81357274432059,16.592815430077735,3.63446637445047,1.0
0.8991358089974446,4.6992063329664875,4.976305150329661,1.0832071229574434,1.0
4.24591700977618,4.905157699022155,5.386745073001125,2.8806702848066585,2.0
3.681984041020818,22.776253985035712,8.730619094940817,3.6506596234971833,1.0
-1.6699983051702296,6.785503061807603,3.821279614839251,3.8908137173727804,1.0
0.02465633876804274,12.983178726467425,6.320573060914439,9.216475823282412,1.0
5.08590290568829,2.3903559801487138,11.881824887582422,10.403788646928003,2.0
2.9401448342383816,2.1015542735306596,0.2710964435065151,3.2440006964054824,3.0
-5.354128612412378,11.551834601179046,14.199578611447972,1.3924956774016717,1.0
0.22487252472779362,-7.0018724965118935,16.552228039480234,0.7030053545445359,1.0
-0.01488598581667322,4.652939040459168,10.180783365821284,6.360351169539345,2.0
-0.7236969740445263,13.708367154738749,8.769642538176484,4.015091957702285,2.0
-0.4811330960957658,4.867618953547754,0.9389197382796528,0.7086914041210274,2.0
-0.8575735636685629,-0.21020470628439103,14.405813726223492,2.0176474245471674,1.0
3.0158024894656488,5.334000327671919,20.670510518931984,2.463531258755282,2.0
-1.4587158872972976,8.976387179071633,25.83966847694405,5.213424743027151,1.0
5.8189770397839435,-1.260457864518978,13.112186327134777,1.657249986174526,2.0
0.8569108541318675,11.855375081419012,16.346448459668174,5.384227454752794,1.0
-2.553511135736171,-2.0058096050177348,9.66846578793986,3.6692807181473985,1.0
2.7448097658597312,12.911679213829352,24.5551562335762,0.9489873195506899,1.0
6.704590594442079,18.18807074627452,13.124749349595787,1.5584015080532265,1.0
-0.8103498407726271,17.40607649655658,0.7407343940588547,2.247756405590032,1.0
-3.5129241989761866,0.24357872534648806,12.822633412868681,4.428719001996751,1.0
-1.290380937848592,4.779330642228005,12.452083289746668,18.520254770008627,2.0
5.572342496974882,0.6027164034249815,3.1724895501755253,0.5689039836377222,1.0
0.5252421038290502,15.10788784877166,15.421910875114751,2.0867112582807166,1.0
3.1816910712329776,11.821736042927391,17.863064268189063,4.017963607006665,1.0
-2.732404844781021,8.720132581298525,14.114162856114564,13.737431904421527,4.0
5.100639096065575,2.6139026887363146,17.790382452330768,4.332857640751919,1.0
2.6918603095539053,-1.843846520686217,12.333011347128195,2.618525356628009,1.0
1.0120335636932372,8.021963234410913,11.159956445620429,2.2236696670854923,1.0
2.5025386132167644,11.606925032903975,17.54670073761948,4.579478011632468,1.0
2.7882374998964226,10.897670463312789,10.148763819968227,3.0228913531564747,1.0
1.2112810024618654,6.5203059217340575,12.429890763964181,6.719664151340105,4.0
4.875843498299118,6.8708522114327195,2.731268393459162,0.20906808659210735,2.0
1.1892010527813308,7.731515982534849,17.377841213581146,11.538062301340295,3.0
0.7994319446356759,0.6152943075307284,11.839273934948354,3.8393363368450775,1.0
-0.9515052797338903,2.065296703042681,16.30343924201289,10.218007044093394,2.0
-1.696034345806125,11.792708562923428,13.300057298385859,3.1422241930313684,1.0
3.6848697594251503,11.58024495512104,15.06465387557897,3.2897510968645993,1.0
-0.003979908169474022,4.2202218839789865,8.90789618426475,1.4445450123929011,2.0
-2.3344693521727446,10.404541959749519,14.62031506920886,13.543021685679204,1.0
-2.5211443308591317,18.21348615344596,15.546416536022592,1.0431342364498841,1.0
3.985641796694101,4.226957556844078,2.6762566588268815,5.903510005657756,2.0
-0.8756274356159031,2.346499162940334,27.06823022574862,3.8101283114491142,1.0
-0.18792129907948318,10.887989563831553,6.885117190415075,5.003825734074808,1.0
2.1150776249864607,1.12130675033404,9.804644305721265,3.5493738085961986,1.0
10.703510704112857,8.289673400346706,4.203612140398928,4.1192332173104536,1.0
-3.9879829320656466,1.6134605177773587,10.48170680029143,3.46901183119834,1.0
5.912579879858365,2.4781658201185,10.20140274269053,1.4776978188898857,1.0
-2.458270221326476,1.782610003289414,10.468946934420838,0.29175728884381796,2.0
0.43854329067895215,7.284987421460154,13.402831488486905,0.9189021808610228,1.0
4.9164172516884275,5.511993085782294,4.130614448752065,0.3791452480117611,1.0
0.47010454029356774,16.63362194543943,18.92190250635611,1.6403546301896197,2.0
-0.6112203472606939,16.866042625817233,8.858596177953512,8.564093717630305,1.0
3.0223862583837757,16.878965261704277,6.032624680007967,0.03427036675075656,1.0
1.6814393841287663,-2.7376349583655575,8.280898429389001,0.8803142032693659,2.0
-3.6800685974189893,1.483320597229028,7.507422985530109,1.7286645867073873,1.0
0.6218195038296066,2.9161800259475985,5.059591102101016,14.516568806868701,1.0
2.066960948043167,11.955139533723171,5.764263856264709,0.7850077879864943,2.0
-1.5006747080432588,6.977985600632726,14.566095087470348,11.282131018649595,3.0
0.6722022390476654,2.4588494537691634,12.665023893538072,1.3053038503558387,2.0
3.127679179552748,15.015254979410345,15.827082985854089,2.6081239968596464,1.0
2.355697288120971,5.8048261552167,4.666463629373551,3.1178718424321397,2.0
3.0956476567211912,10.818406304040948,13.456816033329453,0.4413979212251185,1.0
5.43690563788736,5.300649571419338,12.23661300296795,0.7928345657448115,1.0
-0.23686751568470266,20.913469037072694,8.544345659489391,2.5257971499083487,1.0
1.5518000527750861,-5.535577456401352,6.302325776538354,3.112466529185468,1.0
4.272993271414107,2.574690099759361,9.40660283413589,2.600997175256487,1.0
1.1053390095341324,3.5556318837191543,12.14478928425767,5.8943731684478315,1.0
1.9083020514261835,20.14457264270928,12.656458683015622,13.20866601410164,1.0
1.2407551716065461,11.897953508689854,12.852822186027414,4.873695510476927,1.0
2.0408086644411783,-5.850488886372233,11.46351319657385,8.315103534584189,3.0
-2.0910676543133153,14.344662981543337,6.317868806759872,2.122055844451934,4.0
4.014995528596165,-3.7663828980521696,13.241421261060069,7.651399488659117,1.0
0.1639957333790023,16.74341859446337,10.005561029507632,5.846194151461954,1.0
1.4565546898739514,8.181144769141449,9.011053495570732,4.711082770282566,1.0
4.034571780001789,-5.737286599153181,6.484779906439717,10.591599471686685,1.0
0.5467473349480485,15.933696476719435,14.025255495877555,1.0617104561682313,1.0
0.4687085423401238,-11.882858073941826,17.178168356417586,3.3564763174655514,1.0
3.2681852586166107,15.74360135768437,5.860079651674229,5.691497596393585,1.0
6.84280322214134,7.2601540119745405,16.07777655213473,0.20854423699724248,1.0
-0.4807080544772395,4.658298725416385,8.115648386474039,3.10901597605904,1.0
-2.0152102728573738,14.391408845372112,6.193067707252254,2.2955400991954176,1.0
2.9533170276125946,7.537775459849272,2.4641118251979446,0.7615195043143694,1.0
2.393456219818876,8.76363328016397,7.278616967162142,2.6128810088061516,1.0
6.392924549969682,6.771937165996381,13.330783434389694,0.31730369592651064,1.0
0.6403798594383203,2.537637383531256,3.597771463415498,0.3704652375323528,2.0
4.573055702303475,7.406422917848877,19.684964042105612,11.482836161535465,3.0
-4.190444368130357,10.955724930922544,7.51930271758059,1.1497029787184114,1.0
4.434165329375643,9.197089835487771,27.077545172923266,4.291431673731652,3.0
-1.1371686040482718,17.644734616989382,13.18343795167528,7.104348841273534,1.0
2.587267976208051,-5.246141776025068,9.113119495038708,1.7660167704001934,2.0
2.8101998350055157,4.259305445171083,13.207677412707259,0.8689169804301937,3.0
-1.7119331660179395,1.49559957980747,16.945238947092797,5.232909015062149,3.0
1.8124936714960524,6.89793198990132,17.966643773820664,5.382295844429325,1.0
4.541007902501288,25.22513792971845,13.132501552163035,5.665473581067091,1.0
-1.1242261525509059,-6.196104366377325,10.991672733072527,5.3163346930806705,3.0
0.3463379566212641,6.246485640168774,9.965986684640033,3.2206519504380826,1.0
3.7549552719097035,12.042407116046029,7.292197419554352,0.7752244488591153,1.0
3.354265707490713,5.70959300445166,15.584547588476651,0.8324117345604057,2.0
0.5288935067529863,7.999919641241758,16.3567386954172,7.642772784110291,1.0
0.34378760172851,3.9716600963214455,13.758493392078847,6.1084591547508404,1.0
1.4266399309805975,-2.350179010046041,13.246654466358457,5.26687898289665,5.0
6.4974760041691555,9.257793916920125,21.286074084557985,4.541798853750448,2.0
5.1297030256782765,18.277561652594347,6.3208194425707225,0.3835580046546406,2.0
6.4673307069678625,-5.3805712380390975,13.384115578582273,3.0057784631373674,2.0
4.578854233421942,10.815463620453766,5.795751945921839,6.610128081020387,2.0
6.053826323285019,5.831018833095187,7.429252284882834,0.0020761041930358348,1.0
1.8584380673076022,9.812540591596454,7.276937722969153,4.964749126298814,1.0
-1.1999590661285149,10.95307990507877,5.768791449331479,1.665710635133466,1.0
1.2900199118800912,4.190241497940387,11.032545026486279,5.463059586700691,1.0
5.121987920496615,2.9219106814399405,5.788526077567576,6.08421490852147,1.0
-0.8415562912973877,13.798029869179928,10.530568738523732,2.7952029964317155,1.0
4.844922789635293,4.077360839554537,13.48630794733361,0.6371844817102681,2.0
4.42458591463914,3.2113809376445417,6.136268127920314,1.510191369099058,1.0
10.420476702610289,13.419164565713587,13.49445346789018,2.8739263464403084,1.0
5.27538129323483,-6.824410153940372,18.428723384311468,0.15298041813377253,1.0
2.8735561752533494,2.3880533709003924,16.484673398162798,7.411332968726414,1.0
1.7253563089369326,-12.203056369199746,2.1686643775378993,0.5904514712025449,1.0
-0.2278006627139404,10.307097776006195,11.360965205865906,0.30885877633150105,4.0
1.7158476348562692,8.106484030477501,15.966293203358672,3.872289299352684,1.0
2.2907842606635294,-1.603484565882237,12.615845494696494,0.15967574294297163,2.0
3.733406408907181,12.05234441828284,16.81719390998637,7.924394082436479,1.0
-0.31683957347271674,15.732209659887967,7.92547778305472,1.9088382239204105,1.0
6.939542238000245,19.285856816707852,15.40296112333996,3.8635984126173084,2.0
3.4548610237995074,2.8272882541733546,1.2878967787251234,3.680438725837155,2.0
-2.1075502827616166,4.4437284071426095,13.384689194163098,0.3963717219305006,1.0
2.298881373643246,11.248318804740467,4.792896197594006,7.508887922447926,2.0
2.43458868678235,4.237717484392152,8.42060778466758,2.208261740165287,1.0
4.10596512691101,10.099293794345046,8.208679556036692,0.7499093004536197,1.0
-3.675056670541518,5.767949905058523,5.325519354392921,3.7552056902889555,1.0
3.4265044086367205,10.437117984951838,17.45730459882393,0.053480934953367816,3.0
1.5921544642139966,4.639044960198767,3.070080397057752,1.0711078808933838,1.0
3.731965481950873,11.438967214911656,12.806153758585623,0.7839238145528287,5.0
2.9165967200118423,6.746961715956804,14.276811562858551,2.6220280482281213,1.0
4.423508298184826,-0.5366240136310481,8.553020974611437,3.220224521476343,2.0
-2.296700240448075,4.441433350242135,7.646126794558672,1.354031348982154,1.0
6.1502823058241205,7.342026182154698,8.512839332617979,2.7472005159741513,1.0
7.002239256675053,-1.655213286928543,15.411240143874192,1.4282516005156154,2.0
-2.0025501785531983,13.811797787087272,18.730893019352916,11.774296684184957,2.0
5.432045168229645,1.6588196693176878,8.131281409269398,0.710239204719645,1.0
3.301133429548848,-5.937928077730039,4.721913765060616,2.3664996151376894,1.0
3.182411430038896,4.811387007458361,-11.247297822683258,34.906645570651456,3.0
4.368034813420808,11.075676194968642,16.407609820639692,2.665740653688,1.0
1.6800966686832925,-0.48537851728684256,20.665861672773367,0.12337044534310566,2.0
2.7718767076608595,20.734602908471416,10.917226287343608,15.600860331563005,1.0
5.655413162179523,0.6186630416443011,10.059576982089913,4.5759987145003524,1.0
0.633603892468126,2.345424999673315,13.738030220715943,0.1563363431274387,1.0
-0.034791853133962825,17.59398398077221,-0.5239161707869684,10.608170113278753,3.0
7.84820154942803,12.901647642434463,9.394730764593731,3.410549170759535,2.0
4.555622873285809,8.435945258987424,12.411667483658318,2.0089057535785657,2.0
-0.2944935910481452,5.154323964870959,7.8207771504679355,9.491602218907344,1.0
-5.63296116659328,0.23783128274498644,14.098119320847111,5.893472590446031,1.0
-2.7473733454595637,6.170642713979568,3.9033631151126436,2.242200558778983,1.0
7.277403068032482,-6.335985215210229,17.724828353327442,0.6359376406865285,1.0
10.828878282661535,13.686230303258851,17.192534698972445,9.30955625447053,1.0
-0.680569888312963,0.837491623942598,10.22448790687999,2.579253200504527,1.0
0.19735793105467625,10.288342585606935,-0.09127995750259288,3.5369825609826524,1.0
-6.6299917860305975,0.3019275000800281,18.686328165077732,1.6247018222289924,1.0
-1.2770057514136934,8.332996275735557,13.2311348637125,3.5494029241378207,1.0
1.6062517909909548,4.320167617285751,11.929578656472765,0.7634567496858243,1.0
3.393592377634917,-3.99513452442212,10.551804183453738,0.6103018312026064,1.0
1.6777099455804456,10.01026810831931,21.964270051078127,5.553223108371649,1.0
4.411948789572515,17.485493379198687,11.54266715849202,2.8769928141575045,2.0
3.752936201835852,2.873120415455973,13.646636026549348,1.3151427292250817,1.0
2.6545007371853275,-3.310889332456142,16.20705917769396,0.03885143942005393,1.0
2.831814298418931,11.430287510871727,12.069850517032886,5.8475162815890345,1.0
3.8725390393166066,7.229067747899343,12.144825721152841,5.502898850158634,1.0
2.7037637061975355,10.124849422642265,23.817129170531555,4.844236970595025,2.0
3.5847879483019165,5.343643772571822,5.571747554872824,0.40364086892775475,2.0
-0.9057044601541158,7.164772389315354,18.401558223375616,17.371711607688024,1.0
7.616222912274722,6.4567526295571644,4.083009710863342,12.279277555015085,2.0
2.0016103518522605,0.6928285640399707,-0.8540622307857468,0.37883885451334715,2.0
-3.1717469840374655,6.6189527606887335,25.74691679495663,2.0428137189151183,1.0
5.47060164076969,10.810421794560577,3.0800742572186097,12.861663769857214,1.0
3.838071539292878,13.441286355023813,12.664102084384195,2.403614913684718,2.0
-3.084365638705717,-6.456459029338072,13.363784989681099,3.5790023198747,4.0
4.216295477493107,17.056529306008155,13.9230530464232,16.42768512955963,1.0
4.100418319864591,5.507615866882729,14.0335462902855,1.3247601412527839,1.0
1.5444299305521028,1.4451257298651594,7.1257962900435325,4.099399536148648,1.0
0.04689664630936585,16.702331409472897,9.249446840592814,13.717155471769289,1.0
1.119734722452358,5.920999405477921,9.1217052908755,1.2487672315060445,1.0
3.963744923029471,-1.8704791452384164,6.214914289924221,3.7924971348287007,2.0
3.5702438945125055,3.533945551443358,11.772305705934148,0.5751769142662964,1.0
-1.2487071565700152,9.232718500413878,9.475578535524557,3.5071279546114673,1.0
2.5562880589382386,8.229592671153693,7.535615471701376,0.7319653948792567,2.0
3.3909108000390593,19.077771792490708,10.562274970117803,0.8885218692929626,1.0
3.1084852226332225,4.246563784720447,-1.3708649084521696,0.9858049703894856,1.0
-0.313368895170703,7.947140321906131,5.648993234708875,2.416326363944628,1.0
7.440369849049707,10.651072347052038,10.172802077881402,0.5083036401059196,1.0
1.173086662578061,13.659823222355147,13.135433961729527,10.285696054458967,1.0
5.057495415108951,6.179996640816759,5.57194051521912,1.1210540731378202,1.0
0.9333498231055328,-3.593381961901164,11.461061133463913,2.4210173054866906,1.0
-2.406137199492929,2.8810443400878336,5.491700132708863,13.134695453803747,1.0
-1.0952045833838686,7.435900525886827,3.9844060435121973,7.9768086321162635,1.0
4.847346352683687,4.935045737086613,2.611842595204946,2.2131891847470846,3.0
4.514710112146995,-1.3615332911695557,7.457223147895108,0.2885473253352238,2.0
7.134129825338607,8.442325155485817,18.889070192802304,1.4192699084653195,1.0
3.4328688494552653,-2.731520076099544,22.71182993661847,0.7975651355638933,1.0
-2.7202888558705522,7.931909551515511,16.432084856947704,0.6754505205063741,1.0
2.2068238564237825,4.793108954287606,12.516868455587453,1.0865319312456885,2.0
0.43513201538647106,3.1369261980106833,10.777915971687506,1.7883696800971747,1.0
3.475653932649789,14.905753533046273,11.730046474266235,0.648862340854969,2.0
2.366462344302907,24.663799168397198,7.5170867904836305,14.905762507917517,1.0
7.7223270657978995,11.701409890702973,8.27027509066203,1.7555532076675242,1.0
3.935606935212447,-5.525183049651115,14.57961217754633,1.8202026486163778,1.0
1.9840855828318968,10.012206727758219,13.268228222367345,0.6221779694010792,2.0
3.459571628452119,2.9168360815590155,8.849815571064426,9.779597489016778,2.0
5.100172408780907,-2.6184334832991762,7.226234709074021,3.9671479024743492,1.0
1.815048934454606,16.757253036253637,8.38921443430759,1.4042104133374294,4.0
2.2096071105886423,10.061286310933237,13.435999104665669,8.823066439318131,2.0
1.0902408622062574,14.153456710750367,17.464522631307375,4.327021850526094,1.0
5.4874521069006,8.179526603744064,13.8948768207559,0.9685960858961021,5.0
4.016937690429775,5.578329937550309,16.15218261054749,0.40625683773466625,2.0
-0.5701728598013314,2.1664541581608354,7.194999645076531,2.831968291961514,1.0
-4.483333351927322,10.79023364609781,15.57982596657622,1.3746465437615125,1.0
0.355282299874472,7.176344010231847,18.17350394234396,7.31780863263348,1.0
-0.6521023504446308,-6.366082084906001,8.742096792154912,1.627024787026447,1.0
-1.7953983282962196,-3.4886576354991554,13.780964862332599,0.29935328787455434,4.0
0.9785408214600144,11.114590050286735,7.590238677107287,10.91697649994947,1.0
7.249411942912536,11.248247877348074,1.7073847272171214,5.019130921777905,1.0
0.6065734899952431,6.315641162326793,15.723092399417911,3.137649025773998,1.0
2.638883882661184,11.402386206712968,9.458254464811695,0.4833215471977083,3.0
1.1888605578968938,15.077614980545853,8.934514294285297,0.3786036986755612,1.0
-1.057753888184798,24.244773812913206,17.756767583691115,6.800928665094558,3.0
-2.801567049008325,3.149663709442166,1.2951892869921888,2.4155697959311913,1.0
-0.4877021524912699,12.706645745827633,7.395863445904002,1.0205795446827468,1.0
3.57481235615193,9.236615846828869,11.936188137362517,2.940971939620031,1.0
-1.3261325247263862,-4.445352342174447,7.163880047051448,5.353873738445353,2.0
-0.5609960094421274,6.726347333661479,16.281221612485492,6.990374769145945,1.0
2.6129113441511014,1.605035600165297,8.111706955203566,0.37680390698550287,1.0
-0.4173533949986332,1.4518165911566943,13.180052764281742,10.695810515768969,1.0
2.541910975699828,0.2045168214086841,9.690031840874365,0.7411710501728092,1.0
-2.532570697648243,11.256832749677336,13.63075316188823,3.931764225193222,1.0
-1.0680154751904016,17.94344563177177,7.308530205438622,17.40624599995984,1.0
0.1973629005518842,-2.2869511137904617,2.664859888155764,0.8093538684016321,1.0
-2.2101572209288953,11.261740717129996,12.69328115463358,0.5064460659874351,2.0
2.9116123513308727,10.16181931510847,11.798409613319667,4.868169392087925,1.0
